Student_ID,IQ,Total_Score,Learning_Preferences,Aptitude_Score,CGPA,Attendance,Participation,Slow_learner
1,118,282,Kinesthetic,61,4.86,93.43,Low,1
2,131,297,Auditory,45,7.76,90.41,Moderate,1
3,108,496,Visual,69,7.79,95.45,High,0
4,94,400,Auditory,44,1.93,90.4,High,0
5,122,311,Auditory,43,9.12,97.04,Low,1
6,87,465,Auditory,32,5.55,91.04,High,0
7,100,286,Kinesthetic,79,8.44,91.22,High,1
8,118,348,Kinesthetic,26,3.88,97.53,Low,1
9,137,421,Visual,76,9.06,88.07,Moderate,0
10,98,353,Visual,55,4.5,82.68,Moderate,0
11,102,463,Kinesthetic,64,1.1,80.58,Moderate,0
12,90,468,Auditory,39,9.15,95.1,Low,0
13,90,284,Visual,84,1.82,92.41,High,1
14,103,442,Kinesthetic,27,3.87,94.08,Moderate,0
15,132,476,Kinesthetic,35,9.55,84.26,Moderate,0
16,115,350,Kinesthetic,33,9.56,82.73,Low,0
17,119,424,Auditory,95,6.16,80.29,Moderate,0
18,103,455,Kinesthetic,34,6.69,87.01,Low,0
19,82,380,Kinesthetic,85,5.04,91.8,High,0
20,101,250,Kinesthetic,51,3.64,87.84,Low,1
21,132,254,Kinesthetic,82,3.96,88.75,Low,1
22,81,467,Visual,70,7.05,98.08,Low,0
23,103,496,Visual,44,7.77,86.97,Low,0
24,123,391,Kinesthetic,77,8.12,90.28,High,0
25,109,352,Auditory,82,8.11,95.67,High,0
26,117,276,Visual,81,1.82,87.93,Moderate,1
27,81,386,Kinesthetic,41,5.45,92.44,High,0
28,139,456,Visual,77,1.52,97.25,High,0
29,100,264,Visual,77,5.95,98.99,Moderate,1
30,112,339,Auditory,68,4.97,82.94,High,1
31,91,291,Kinesthetic,71,8.99,98.53,Low,1
32,137,373,Kinesthetic,61,4.16,89.84,Low,0
33,101,454,Auditory,89,2.05,85.16,Moderate,0
34,123,428,Auditory,34,2.29,89.18,Moderate,0
35,104,312,Kinesthetic,73,7.85,99.6,Moderate,1
36,128,345,Kinesthetic,79,6.56,89.85,Low,1
37,106,480,Auditory,27,1.91,86.58,High,0
38,138,490,Visual,72,1.76,92.67,Low,0
39,121,301,Visual,79,7.31,84.8,Moderate,1
40,107,345,Auditory,24,1.65,81.52,High,1
41,139,381,Visual,87,8.4,82.58,High,0
42,95,471,Auditory,25,7.36,82.56,Low,0
43,94,478,Visual,66,1.73,83.04,Moderate,0
44,126,400,Visual,74,1.76,82.78,Low,0
45,130,480,Kinesthetic,59,9.88,92.82,High,0
46,123,486,Kinesthetic,71,4.37,83.64,Low,0
47,134,392,Visual,35,4.34,86.91,Low,0
48,131,420,Visual,32,8.32,97.94,Moderate,0
49,136,278,Kinesthetic,49,9.53,89.48,Moderate,1
50,82,285,Kinesthetic,38,9.87,93.35,High,1
51,116,262,Kinesthetic,36,7.78,83.45,Low,1
52,130,409,Auditory,82,4.39,83.85,Low,0
53,86,320,Visual,38,1.75,80.82,Low,1
54,100,436,Kinesthetic,77,7.99,83.38,High,0
55,88,492,Visual,74,6.03,85.57,High,0
56,118,335,Auditory,81,4.82,83.54,Moderate,1
57,97,277,Auditory,42,9.16,81.77,Moderate,1
58,83,315,Kinesthetic,28,2.0,82.41,Moderate,1
59,104,419,Auditory,31,5.43,89.22,Low,0
60,139,294,Visual,20,1.1,84.13,Low,1
61,93,311,Kinesthetic,77,5.22,87.29,Moderate,1
62,129,434,Visual,20,1.51,90.07,Low,0
63,137,494,Visual,53,2.07,93.81,Moderate,0
64,88,383,Auditory,67,2.06,80.79,High,0
65,105,277,Auditory,20,6.84,95.99,Moderate,1
66,132,277,Auditory,35,7.71,92.56,High,1
67,81,357,Auditory,80,6.25,81.64,Low,0
68,99,293,Auditory,83,9.66,97.47,Moderate,1
69,107,333,Kinesthetic,82,4.37,98.42,Low,1
70,126,279,Visual,88,3.57,81.22,High,1
71,139,439,Visual,41,8.82,85.54,High,0
72,86,324,Visual,86,3.01,96.12,High,1
73,123,377,Visual,95,9.67,94.97,Low,0
74,87,499,Auditory,45,1.11,83.69,Low,0
75,126,496,Visual,35,9.73,84.19,Low,0
76,114,341,Kinesthetic,70,1.39,87.41,Low,1
77,93,466,Kinesthetic,76,9.02,89.69,High,0
78,96,480,Visual,48,5.75,92.37,High,0
79,115,439,Visual,97,9.94,87.38,Moderate,0
80,129,474,Kinesthetic,88,1.66,89.25,Moderate,0
81,119,378,Kinesthetic,66,5.98,94.95,Low,0
82,83,370,Auditory,81,9.72,80.73,High,0
83,81,276,Kinesthetic,88,5.71,85.05,High,1
84,85,439,Auditory,95,6.66,94.27,High,0
85,133,370,Auditory,35,7.26,97.9,Moderate,0
86,121,365,Auditory,67,5.09,90.23,Moderate,0
87,83,454,Auditory,58,6.65,90.64,High,0
88,133,482,Auditory,52,6.26,82.14,High,0
89,108,252,Visual,42,9.11,88.95,High,1
90,97,352,Kinesthetic,29,1.41,90.65,Moderate,0
91,105,447,Auditory,88,3.53,84.85,High,0
92,123,449,Kinesthetic,53,9.55,85.38,High,0
93,113,404,Kinesthetic,71,9.01,87.55,Low,0
94,89,386,Auditory,29,5.1,80.4,Low,0
95,115,311,Visual,38,6.58,86.44,Moderate,1
96,93,414,Auditory,77,3.5,84.23,High,0
97,110,474,Visual,20,2.69,86.55,High,0
98,127,300,Kinesthetic,88,5.17,82.4,Low,1
99,94,483,Visual,23,4.18,97.81,Moderate,0
100,87,421,Visual,35,6.25,91.87,Low,0
101,93,401,Visual,43,1.7,93.58,Low,0
102,102,456,Kinesthetic,99,9.77,95.78,Low,0
103,139,308,Kinesthetic,21,9.88,89.97,Low,1
104,136,367,Visual,51,7.28,81.74,High,0
105,119,409,Visual,43,5.82,90.74,High,0
106,100,345,Auditory,31,3.79,91.74,Low,1
107,95,465,Visual,69,8.32,94.91,Moderate,0
108,124,482,Auditory,54,7.16,88.63,Moderate,0
109,97,429,Visual,52,2.46,82.55,Moderate,0
110,126,362,Auditory,52,9.2,85.68,Moderate,0
111,132,311,Kinesthetic,80,8.4,87.26,Low,1
112,103,490,Visual,70,9.55,92.92,High,0
113,105,435,Visual,62,7.53,91.42,Moderate,0
114,104,301,Visual,31,6.52,87.12,Low,1
115,139,261,Visual,86,4.76,99.73,Moderate,1
116,139,288,Auditory,84,9.39,92.12,Moderate,1
117,139,379,Visual,52,8.79,84.74,Low,0
118,124,380,Kinesthetic,59,1.41,82.04,High,0
119,120,362,Kinesthetic,93,1.24,83.06,High,0
120,108,350,Visual,62,4.39,84.92,Low,0
121,94,362,Kinesthetic,63,8.29,83.21,High,0
122,124,433,Visual,48,9.89,83.73,Low,0
123,80,330,Visual,32,2.35,85.7,Low,1
124,104,436,Kinesthetic,31,6.35,83.47,Low,0
125,86,362,Visual,65,4.43,97.94,High,0
126,88,251,Kinesthetic,21,9.73,81.6,Low,1
127,103,379,Auditory,54,8.58,90.49,Moderate,0
128,80,469,Visual,27,8.54,88.21,High,0
129,123,303,Auditory,45,5.22,99.65,High,1
130,87,336,Kinesthetic,93,4.73,82.24,High,1
131,103,478,Auditory,53,3.46,87.96,High,0
132,90,473,Auditory,26,1.51,99.39,Moderate,0
133,130,474,Kinesthetic,87,8.78,97.31,High,0
134,96,378,Auditory,77,8.32,96.34,High,0
135,87,396,Auditory,94,10.0,85.16,Low,0
136,114,375,Kinesthetic,48,9.97,83.42,High,0
137,114,379,Auditory,55,6.0,93.37,Moderate,0
138,112,302,Kinesthetic,40,7.92,98.59,Moderate,1
139,138,421,Auditory,55,9.5,91.14,Moderate,0
140,84,467,Kinesthetic,29,8.65,91.43,Moderate,0
141,121,409,Kinesthetic,92,3.23,85.6,High,0
142,118,447,Auditory,43,5.05,95.39,High,0
143,137,409,Auditory,83,2.16,83.74,Moderate,0
144,120,496,Auditory,68,9.59,86.47,Moderate,0
145,107,317,Visual,55,6.46,88.51,High,1
146,86,432,Visual,43,3.06,90.15,Moderate,0
147,88,452,Visual,42,7.05,84.85,Low,0
148,87,433,Kinesthetic,81,6.56,82.3,Moderate,0
149,91,372,Auditory,56,4.22,92.21,Moderate,0
150,113,394,Kinesthetic,31,2.02,85.77,Low,0
